train_loss,step,time,val_loss
6.603202819824219,1,766964.542267686,6.629203796386719
6.600461959838867,2,766964.575770081,6.627018928527832
6.594716548919678,3,766964.587382766,6.624647617340088
6.589118957519531,4,766964.598891227,6.6221184730529785
6.586991310119629,5,766964.610462847,6.619490146636963
6.584137439727783,6,766964.621933686,6.616820812225342
6.580112934112549,7,766964.633353466,6.61416482925415
6.5781779289245605,8,766964.644772457,6.611580848693848
6.5813069343566895,9,766964.656280018,6.6091203689575195
6.577445030212402,10,766964.66825012,6.606809616088867
6.5771636962890625,11,766964.680017942,6.604668140411377
6.572881698608398,12,766964.69183891,6.60269832611084
6.576730728149414,13,766964.703586481,6.600909233093262
6.577459812164307,14,766964.715314425,6.599291801452637
6.57580041885376,15,766964.727011843,6.59783411026001
6.575216770172119,16,766964.73869184,6.596525192260742
6.573385238647461,17,766964.750387125,6.59535026550293
6.569579601287842,18,766964.76208683,6.594294548034668
6.575272560119629,19,766964.773026673,6.593350887298584
6.574439525604248,20,766964.783208213,6.592502117156982
6.573990821838379,21,766964.79316883,6.591742992401123
6.573128700256348,22,766964.80311934,6.5910563468933105
6.5729193687438965,23,766964.813061796,6.590439796447754
6.57408332824707,24,766964.822982042,6.589883327484131
6.576518535614014,25,766964.832904768,6.589381694793701
6.5733160972595215,26,766964.842804974,6.588927745819092
6.573269367218018,27,766964.852675605,6.5885138511657715
6.575699329376221,28,766964.862538539,6.588138103485107
6.573108673095703,29,766964.872547811,6.587794303894043
6.574321746826172,30,766964.882407494,6.587481498718262
6.57171106338501,31,766964.892183584,6.587193489074707
6.5756916999816895,32,766964.902028543,6.586932182312012
6.574629306793213,33,766964.911877623,6.586690425872803
6.571310997009277,34,766964.921738102,6.586467742919922
6.571146488189697,35,766964.931764578,6.586263179779053
6.571690559387207,36,766964.941540878,6.5860724449157715
6.573914527893066,37,766964.951335878,6.585895538330078
6.574623107910156,38,766964.961112246,6.585730075836182
6.570881366729736,39,766964.970914065,6.58557653427124
6.5756964683532715,40,766964.980894127,6.585433483123779
6.5722784996032715,41,766964.990667827,6.585299015045166
6.572607517242432,42,766965.000422543,6.585171222686768
6.572876453399658,43,766965.010262859,6.585052013397217
6.572196006774902,44,766965.020105198,6.584940433502197
6.5734333992004395,45,766965.029942884,6.584833145141602
6.575343608856201,46,766965.039816053,6.584731101989746
6.57145881652832,47,766965.049759151,6.584635257720947
6.573455333709717,48,766965.059720957,6.5845441818237305
6.5716471672058105,49,766965.069596816,6.584455966949463
6.572041034698486,50,766965.079504385,6.584372520446777
6.574097156524658,51,766965.089671962,6.584292888641357
6.575246810913086,52,766965.099564748,6.584216117858887
6.572454929351807,53,766965.109465651,6.584143161773682
6.575404167175293,54,766965.119376701,6.584072113037109
6.571901798248291,55,766965.129296273,6.584003925323486
6.57424783706665,56,766965.139175207,6.5839385986328125
6.575678825378418,57,766965.149114164,6.58387565612793
6.57599401473999,58,766965.158879559,6.5838141441345215
6.574668884277344,59,766965.168639599,6.583754539489746
6.5731987953186035,60,766965.178427292,6.583697319030762
6.575988292694092,61,766965.188275029,6.583641052246094
6.574253559112549,62,766965.198494563,6.583587169647217
6.571887016296387,63,766965.208339089,6.583533763885498
6.5735979080200195,64,766965.218203979,6.5834808349609375
6.572337627410889,65,766965.228130038,6.58342981338501
6.570094585418701,66,766965.238114349,6.583378791809082
6.574416160583496,67,766965.24800966,6.583331108093262
6.574555397033691,68,766965.257920219,6.583281993865967
6.57270622253418,69,766965.26783053,6.5832343101501465
6.573393821716309,70,766965.277902638,6.583189964294434
6.571690082550049,71,766965.287778742,6.583140850067139
6.573056697845459,72,766965.297698438,6.583096981048584
6.574974536895752,73,766965.307838305,6.583052635192871
6.573637962341309,74,766965.317834875,6.583008289337158
6.573234558105469,75,766965.327857002,6.582965850830078
6.572206974029541,76,766965.337891609,6.582921981811523
6.574387550354004,77,766965.347997383,6.58288049697876
6.573171615600586,78,766965.358046067,6.58283805847168
6.576098442077637,79,766965.368237631,6.582796096801758
6.574017524719238,80,766965.378223312,6.5827555656433105
6.569221496582031,81,766965.38819189,6.5827155113220215
6.573645114898682,82,766965.398152478,6.582676410675049
6.573040962219238,83,766965.408322612,6.582635402679443
6.57342529296875,84,766965.418332553,6.582597255706787
6.573505878448486,85,766965.428358897,6.582558631896973
6.576898097991943,86,766965.438344102,6.582520008087158
6.57161808013916,87,766965.448274326,6.582479953765869
6.575108528137207,88,766965.458231842,6.582444190979004
6.572486877441406,89,766965.468179544,6.5824079513549805
6.575636863708496,90,766965.478119936,6.582370758056641
6.5731964111328125,91,766965.488075537,6.582333564758301
6.575339317321777,92,766965.497874337,6.582296371459961
6.570882320404053,93,766965.507632253,6.5822601318359375
6.571201801300049,94,766965.517555404,6.582224369049072
6.573665142059326,95,766965.527322986,6.582188606262207
6.576188087463379,96,766965.537170684,6.5821533203125
6.571999549865723,97,766965.547034505,6.582118988037109
6.573263645172119,98,766965.556899686,6.582085132598877
6.574512481689453,99,766965.566814898,6.582049369812012
6.572641849517822,100,766965.579713905,6.582015514373779
6.576289653778076,101,766965.589627118,6.581981182098389
6.573801040649414,102,766965.599634511,6.581949234008789
6.576874732971191,103,766965.60940968,6.581916332244873
6.575196266174316,104,766965.619345851,6.581884860992432
6.573253631591797,105,766965.629156375,6.581852436065674
6.57332181930542,106,766965.638953895,6.581821441650391
6.573523044586182,107,766965.648880526,6.581789493560791
6.573552131652832,108,766965.658845857,6.581758975982666
6.576101303100586,109,766965.668955454,6.581727981567383
6.570187091827393,110,766965.678907208,6.581699371337891
6.572626113891602,111,766965.688806554,6.581667423248291
6.570379257202148,112,766965.69876905,6.581638336181641
6.574960708618164,113,766965.709017219,6.581608295440674
6.570695400238037,114,766965.719211381,6.581579685211182
6.570984363555908,115,766965.729534522,6.5815510749816895
6.570522785186768,116,766965.739665803,6.581521987915039
6.57349157333374,117,766965.749808434,6.581492900848389
6.572772979736328,118,766965.759928706,6.581465721130371
6.574918746948242,119,766965.770056485,6.581439018249512
6.57159948348999,120,766965.780168042,6.581408500671387
6.572677135467529,121,766965.79027581,6.581378936767578
6.576988697052002,122,766965.800365603,6.581352710723877
6.572274208068848,123,766965.810450757,6.581323146820068
6.574304103851318,124,766965.820577313,6.581296920776367
6.572432041168213,125,766965.830920304,6.581269264221191
6.574449062347412,126,766965.841039796,6.581240653991699
6.574509620666504,127,766965.851157123,6.581214904785156
6.575158596038818,128,766965.86123863,6.581187725067139
6.5738067626953125,129,766965.87209739,6.581161022186279
6.568511486053467,130,766965.882130747,6.581134796142578
6.572603225708008,131,766965.892110693,6.581108093261719
6.5734100341796875,132,766965.902071318,6.581081867218018
6.572506904602051,133,766965.91194947,6.581056594848633
6.568652153015137,134,766965.921711416,6.581031322479248
6.57547664642334,135,766965.931678336,6.5810041427612305
6.572148323059082,136,766965.941555996,6.580979347229004
6.57465124130249,137,766965.951413848,6.580952167510986
6.5737786293029785,138,766965.961316598,6.580928325653076
6.573930263519287,139,766965.971224326,6.580903053283691
6.575023651123047,140,766965.981112946,6.58087682723999
6.576565265655518,141,766965.991015024,6.58085298538208
6.571814060211182,142,766966.000914612,6.5808281898498535
6.575051784515381,143,766966.01082023,6.580804347991943
6.57086706161499,144,766966.020720824,6.580779552459717
6.571339130401611,145,766966.030590172,6.580755710601807
6.576270580291748,146,766966.040620821,6.5807318687438965
6.573594093322754,147,766966.050539295,6.580708980560303
6.571683406829834,148,766966.060412711,6.580685615539551
6.573371410369873,149,766966.070310641,6.580662250518799
6.574329853057861,150,766966.080278825,6.5806403160095215
6.570756435394287,151,766966.090433574,6.580616474151611
6.572279930114746,152,766966.100397431,6.580593109130859
6.573460578918457,153,766966.110376226,6.580571174621582
6.573315620422363,154,766966.120515077,6.5805487632751465
6.572786808013916,155,766966.130654899,6.580526828765869
6.57141637802124,156,766966.140920273,6.580504417419434
6.5719451904296875,157,766966.151045713,6.580482006072998
6.57072114944458,158,766966.161189463,6.580461025238037
6.57172155380249,159,766966.17134199,6.580439567565918
6.573505878448486,160,766966.181463393,6.580417633056641
6.573819637298584,161,766966.191607396,6.58039665222168
6.574084281921387,162,766966.201700737,6.5803751945495605
6.570845603942871,163,766966.211795806,6.580354690551758
6.5748186111450195,164,766966.221948687,6.5803327560424805
6.5724005699157715,165,766966.232066118,6.580312252044678
6.5739922523498535,166,766966.242342731,6.580291271209717
6.5711236000061035,167,766966.25242976,6.580272197723389
6.572205543518066,168,766966.262533248,6.5802507400512695
6.5728678703308105,169,766966.272610698,6.580230236053467
6.571678638458252,170,766966.282672756,6.5802106857299805
6.572665691375732,171,766966.292763031,6.580190181732178
6.5768256187438965,172,766966.302861158,6.580170631408691
6.5751776695251465,173,766966.313142899,6.58015251159668
6.572768211364746,174,766966.323206942,6.580132961273193
6.5741119384765625,175,766966.333231489,6.580111026763916
6.571221828460693,176,766966.343446558,6.58009147644043
6.569460868835449,177,766966.353470716,6.58007287979126
6.5749945640563965,178,766966.363553337,6.580053329467773
6.568705081939697,179,766966.373621599,6.5800347328186035
6.57197380065918,180,766966.383673917,6.580016613006592
6.570909023284912,181,766966.393752277,6.579997539520264
6.57228946685791,182,766966.403826854,6.579979419708252
6.569621562957764,183,766966.41394417,6.579961776733398
6.573390007019043,184,766966.424059037,6.579943656921387
6.5728044509887695,185,766966.434144577,6.579925060272217
6.574160575866699,186,766966.444378124,6.579907417297363
6.575431823730469,187,766966.454271653,6.579888820648193
6.574375152587891,188,766966.464140517,6.579870223999023
6.572892665863037,189,766966.474035687,6.57985258102417
6.577455520629883,190,766966.483890602,6.579837322235107
6.576990127563477,191,766966.493773989,6.579820156097412
6.57326602935791,192,766966.503673005,6.579802989959717
6.571039199829102,193,766966.513571431,6.579785346984863
6.573571681976318,194,766966.523560429,6.579768180847168
6.571772575378418,195,766966.533719691,6.579751014709473
6.574851989746094,196,766966.543687891,6.57973575592041
6.570181846618652,197,766966.553831706,6.579718112945557
6.5747199058532715,198,766966.563796979,6.5797014236450195
6.5704874992370605,199,766966.573792839,6.579683780670166
6.57218074798584,200,766966.585287133,6.579667568206787
6.573385238647461,201,766966.595295837,6.579651355743408
6.572441101074219,202,766966.605145843,6.579634666442871
6.573278427124023,203,766966.615011116,6.579617977142334
6.573373794555664,204,766966.624874514,6.579601287841797
6.574748516082764,205,766966.634714634,6.579584121704102
6.574064254760742,206,766966.644494453,6.579569339752197
6.573465824127197,207,766966.654453704,6.579552173614502
6.571800231933594,208,766966.664348492,6.579535007476807
6.5737996101379395,209,766966.674273805,6.579519271850586
6.572591781616211,210,766966.684305649,6.579504013061523
6.57245397567749,211,766966.694362023,6.579488754272461
6.573828220367432,212,766966.704459627,6.579473495483398
6.573796272277832,213,766966.714572499,6.579458236694336
6.574741363525391,214,766966.724952825,6.579443454742432
6.572776794433594,215,766966.735285268,6.579428672790527
6.573647499084473,216,766966.745562845,6.579412937164307
6.571544647216797,217,766966.756150491,6.579399108886719
6.575114727020264,218,766966.766335323,6.579383850097656
6.572458744049072,219,766966.776494628,6.57936954498291
6.573482036590576,220,766966.786557483,6.579355239868164
6.5734782218933105,221,766966.796620045,6.579341411590576
6.573265075683594,222,766966.806664095,6.57932710647583
6.579284191131592,223,766966.816702471,6.579311847686768
6.572543621063232,224,766966.826721206,6.579296112060547
6.57480525970459,225,766966.836780589,6.579284191131592
6.573164463043213,226,766966.846780998,6.579268932342529
6.5707902908325195,227,766966.85691342,6.579255104064941
6.572837829589844,228,766966.866956474,6.5792412757873535
6.57269811630249,229,766966.876943068,6.579226493835449
6.572343349456787,230,766966.88696676,6.579213619232178
6.576449871063232,231,766966.896975832,6.579200267791748
6.570871353149414,232,766966.907026283,6.579186916351318
6.573126316070557,233,766966.917067514,6.579173564910889
6.571776866912842,234,766966.927394729,6.579161643981934
6.569338321685791,235,766966.937417523,6.579148769378662
6.571917533874512,236,766966.947391757,6.579136371612549
6.573429584503174,237,766966.957503734,6.579122543334961
6.574588298797607,238,766966.967555435,6.579110145568848
6.574990749359131,239,766966.9777422,6.579098224639893
6.56944465637207,240,766966.98767158,6.579084873199463
6.570889949798584,241,766966.997569198,6.57907247543335
6.572718620300293,242,766967.007488286,6.579059600830078
6.573564052581787,243,766967.017380731,6.579047679901123
6.573099613189697,244,766967.027279677,6.57903528213501
6.573352813720703,245,766967.037185089,6.579023838043213
6.573248386383057,246,766967.047485428,6.579010963439941
6.571657657623291,247,766967.057915518,6.578998565673828
6.572769641876221,248,766967.068179468,6.578988075256348
6.572059154510498,249,766967.078438715,6.578976154327393
6.569801330566406,250,766967.088655001,6.5789642333984375
6.568454265594482,251,766967.098884595,6.578951358795166
6.573310852050781,252,766967.109036765,6.578939914703369
6.57427978515625,253,766967.119086251,6.578927040100098
6.569980621337891,254,766967.129064709,6.578915596008301
6.570044040679932,255,766967.139103,6.578902721405029
6.573719501495361,256,766967.149081009,6.578891754150391
6.573672771453857,257,766967.159244683,6.578879356384277
6.574686527252197,258,766967.169234229,6.578866004943848
6.573150157928467,259,766967.179198704,6.578856468200684
6.5734968185424805,260,766967.189162258,6.57884407043457
6.573772430419922,261,766967.199313612,6.578831195831299
6.573013782501221,262,766967.209249662,6.57882022857666
6.574085235595703,263,766967.219187642,6.578807353973389
6.570578098297119,264,766967.229159039,6.578796863555908
6.576859951019287,265,766967.239096066,6.578785419464111
6.571138381958008,266,766967.248904851,6.578774452209473
6.570967674255371,267,766967.2587137,6.578762054443359
6.571064472198486,268,766967.268784389,6.578751564025879
6.576403617858887,269,766967.278736565,6.578741073608398
6.571862697601318,270,766967.288665146,6.578729152679443
6.572236061096191,271,766967.298628532,6.578718662261963
6.570976257324219,272,766967.308544101,6.578707218170166
6.572952747344971,273,766967.318478319,6.578697204589844
6.576330184936523,274,766967.328366638,6.578685760498047
6.574080467224121,275,766967.338254677,6.578674793243408
6.5773396492004395,276,766967.348168538,6.578665733337402
6.571434497833252,277,766967.358088965,6.578653812408447
6.571364402770996,278,766967.367976426,6.578642845153809
6.570442199707031,279,766967.378059414,6.57863187789917
6.5676140785217285,280,766967.387964546,6.5786213874816895
6.570174694061279,281,766967.397906837,6.578610420227051
6.5702056884765625,282,766967.407777174,6.5786004066467285
6.573338508605957,283,766967.417886559,6.57858943939209
6.576984882354736,284,766967.427721876,6.578578472137451
6.569953918457031,285,766967.437578762,6.578567981719971
6.5706257820129395,286,766967.447389004,6.578556537628174
6.5747528076171875,287,766967.457287727,6.578546524047852
6.571122169494629,288,766967.467067648,6.578536510467529
6.576618194580078,289,766967.476841827,6.578524112701416
6.573884010314941,290,766967.486772768,6.578516960144043
6.57227087020874,291,766967.496571618,6.5785040855407715
6.572001934051514,292,766967.506376953,6.578495502471924
6.5731377601623535,293,766967.516216641,6.578484058380127
6.576716423034668,294,766967.526185154,6.578474998474121
6.57489013671875,295,766967.536111804,6.578463077545166
6.570228576660156,296,766967.546069917,6.578453063964844
6.569852352142334,297,766967.555982944,6.57844352722168
6.572171688079834,298,766967.565919009,6.578432083129883
6.57024621963501,299,766967.575973232,6.578423023223877
6.57235860824585,300,766967.588258989,6.578412055969238
6.572583198547363,301,766967.598450624,6.578402996063232
6.5745744705200195,302,766967.608484721,6.57839298248291
6.57033634185791,303,766967.618506106,6.578382968902588
6.577606678009033,304,766967.628506259,6.578373908996582
6.5720062255859375,305,766967.638736623,6.578363418579102
6.574620246887207,306,766967.6487272,6.5783538818359375
6.573613166809082,307,766967.658734827,6.578344345092773
6.573415279388428,308,766967.668770817,6.578334808349609
6.57039213180542,309,766967.678565801,6.578324794769287
6.57259464263916,310,766967.688337596,6.578315734863281
6.572226047515869,311,766967.698228062,6.578306198120117
6.574472427368164,312,766967.708263397,6.578297138214111
6.573602676391602,313,766967.718174437,6.578286647796631
6.576014518737793,314,766967.72808383,6.578278541564941
6.574268341064453,315,766967.738018667,6.578268527984619
6.572301864624023,316,766967.747916441,6.5782599449157715
6.570017337799072,317,766967.757819769,6.578251361846924
6.572515964508057,318,766967.7677257,6.57824182510376
6.5780348777771,319,766967.777607429,6.57823371887207
6.571109294891357,320,766967.787462117,6.578225135803223
6.574973106384277,321,766967.797237573,6.578217506408691
6.573222637176514,322,766967.807042562,6.578207969665527
6.57310152053833,323,766967.817057456,6.578200340270996
6.571981906890869,324,766967.827025006,6.578191757202148
6.574800491333008,325,766967.836902116,6.578183650970459
6.57182502746582,326,766967.846847328,6.5781755447387695
6.572382926940918,327,766967.856939549,6.578166961669922
6.576259613037109,328,766967.866703342,6.578158855438232
6.574311256408691,329,766967.876486988,6.578150749206543
6.5732421875,330,766967.886441324,6.5781426429748535
6.570213317871094,331,766967.896330027,6.5781331062316895
6.57346248626709,332,766967.906238869,6.578124523162842
6.572443962097168,333,766967.916110723,6.578116416931152
6.569680213928223,334,766967.926150412,6.5781073570251465
6.5730462074279785,335,766967.936040417,6.578098773956299
6.573146820068359,336,766967.945894587,6.578092098236084
6.573270797729492,337,766967.955862161,6.578083038330078
6.571172714233398,338,766967.965837649,6.5780744552612305
6.57279109954834,339,766967.97587816,6.578066825866699
6.568934440612793,340,766967.985952581,6.578058242797852
6.566672325134277,341,766967.996013622,6.57805061340332
6.56885290145874,342,766968.006219819,6.578040599822998
6.575222492218018,343,766968.016396078,6.578032970428467
6.5726423263549805,344,766968.026629622,6.578023910522461
6.570041656494141,345,766968.036991592,6.578014373779297
6.570213794708252,346,766968.047186704,6.578006267547607
6.5699992179870605,347,766968.057396713,6.577998161315918
6.571497917175293,348,766968.067581787,6.5779900550842285
6.571139812469482,349,766968.077920535,6.577980995178223
6.573850631713867,350,766968.088084794,6.577973365783691
6.572638988494873,351,766968.098159771,6.577965259552002
6.5736613273620605,352,766968.108216304,6.577958106994629
6.575831890106201,353,766968.118283098,6.577949047088623
6.569911956787109,354,766968.128178547,6.57794189453125
6.572026252746582,355,766968.13806987,6.577932357788086
6.5733208656311035,356,766968.148088777,6.5779242515563965
6.574718475341797,357,766968.158010664,6.57791805267334
6.573553562164307,358,766968.167905126,6.577909469604492
6.573409557342529,359,766968.177861841,6.577900409698486
6.571286201477051,360,766968.187795624,6.577892303466797
6.573067665100098,361,766968.197765577,6.577883720397949
6.573998928070068,362,766968.207725257,6.577876567840576
6.574032306671143,363,766968.217755734,6.577868461608887
6.57269287109375,364,766968.227811197,6.577861785888672
6.572929382324219,365,766968.237854514,6.577853679656982
6.57059383392334,366,766968.247768888,6.577845573425293
6.571848392486572,367,766968.257914435,6.577839374542236
6.573117256164551,368,766968.267863098,6.577832221984863
6.572228908538818,369,766968.277779164,6.577824115753174
6.57073450088501,370,766968.287768427,6.577815532684326
6.572995662689209,371,766968.298036676,6.577809810638428
6.569081783294678,372,766968.308035133,6.577801704406738
6.572214603424072,373,766968.31801017,6.577794075012207
6.569134712219238,374,766968.327956967,6.577785968780518
6.573212623596191,375,766968.337959893,6.577779293060303
6.572402000427246,376,766968.347953245,6.577770233154297
6.572050094604492,377,766968.358089336,6.57776403427124
6.571576118469238,378,766968.368058197,6.577754497528076
6.570046424865723,379,766968.378053769,6.577748775482178
6.570950031280518,380,766968.388075107,6.5777411460876465
6.574234962463379,381,766968.398142421,6.577733039855957
6.571584224700928,382,766968.408199186,6.5777268409729
6.569072246551514,383,766968.418308469,6.577719211578369
6.572185516357422,384,766968.428518051,6.577711582183838
6.573151588439941,385,766968.438700946,6.577704906463623
6.569915294647217,386,766968.448765831,6.577696800231934
6.571681022644043,387,766968.459054745,6.5776896476745605
6.568669319152832,388,766968.469143254,6.5776824951171875
6.571236610412598,389,766968.47924499,6.577674865722656
6.572867393493652,390,766968.489344421,6.577667713165283
6.57328462600708,391,766968.499389168,6.577660083770752
6.576774597167969,392,766968.509501051,6.5776543617248535
6.5723114013671875,393,766968.519828045,6.577645301818848
6.572051525115967,394,766968.529891535,6.577638626098633
6.571040630340576,395,766968.539951792,6.577630519866943
6.574833393096924,396,766968.55000884,6.577622413635254
6.571868419647217,397,766968.5602201,6.577615737915039
6.569358825683594,398,766968.570243549,6.577608108520508
6.57113790512085,399,766968.580147284,6.577600002288818
6.569949150085449,400,766968.59269162,6.5775933265686035
6.57099723815918,401,766968.602637535,6.5775861740112305
6.572432041168213,402,766968.612543456,6.577578544616699
6.575685501098633,403,766968.622381746,6.57757043838501
6.571361064910889,404,766968.632208679,6.577563285827637
6.570934295654297,405,766968.642045173,6.577555179595947
6.56980037689209,406,766968.651821376,6.577549934387207
6.571408748626709,407,766968.661780515,6.577543258666992
6.573419570922852,408,766968.671542716,6.577534198760986
6.572970867156982,409,766968.681403156,6.577528953552246
6.574110507965088,410,766968.691269745,6.57751989364624
6.572828769683838,411,766968.701151821,6.577514171600342
6.574644088745117,412,766968.711056402,6.5775065422058105
6.573568820953369,413,766968.720946064,6.577500343322754
6.572530746459961,414,766968.730853286,6.577493667602539
6.570943355560303,415,766968.741035714,6.577486515045166
6.571977138519287,416,766968.750987374,6.577479839324951
6.569338321685791,417,766968.760956467,6.577472686767578
6.572110652923584,418,766968.771135889,6.577466011047363
6.575992107391357,419,766968.781120434,6.57745885848999
6.5701799392700195,420,766968.791113294,6.577452659606934
6.572512626647949,421,766968.801106294,6.5774455070495605
6.5719428062438965,422,766968.811078103,6.577439308166504
6.571600437164307,423,766968.821113021,6.577433109283447
6.5706658363342285,424,766968.831139956,6.577425479888916
6.573192119598389,425,766968.841112648,6.577418804168701
6.570853233337402,426,766968.851374883,6.577412128448486
6.572914123535156,427,766968.861302512,6.57740592956543
6.5726799964904785,428,766968.871410229,6.577400207519531
6.572780609130859,429,766968.881358953,6.577393531799316
6.572225093841553,430,766968.89128084,6.57738733291626
6.571031093597412,431,766968.90119435,6.577381610870361
6.5711588859558105,432,766968.911039709,6.5773749351501465
6.57139253616333,433,766968.920854844,6.577367782592773
6.572215557098389,434,766968.930644606,6.577362537384033
6.571828365325928,435,766968.940443211,6.57735538482666
6.571352958679199,436,766968.95022363,6.5773491859436035
6.573604106903076,437,766968.960156279,6.577342987060547
6.573051929473877,438,766968.969992579,6.57733678817749
6.570650577545166,439,766968.979989566,6.577330589294434
6.571876049041748,440,766968.98981976,6.5773234367370605
6.5704026222229,441,766968.999605856,6.57731819152832
6.5749640464782715,442,766969.009387358,6.57731294631958
6.571389675140381,443,766969.019435211,6.577306747436523
6.574159622192383,444,766969.029551148,6.577300071716309
6.5754923820495605,445,766969.039634528,6.577294826507568
6.573428630828857,446,766969.049676046,6.5772881507873535
6.573200225830078,447,766969.059766685,6.577281475067139
6.573098182678223,448,766969.069835402,6.57727575302124
6.5716400146484375,449,766969.079881883,6.577268600463867
6.567050457000732,450,766969.089924833,6.577263355255127
6.572500228881836,451,766969.099648843,6.5772576332092285
6.575212001800537,452,766969.109390763,6.577251434326172
6.569657802581787,453,766969.11913197,6.577243804931641
6.571135997772217,454,766969.128967448,6.577238082885742
6.574105262756348,455,766969.138755605,6.57723331451416
6.574686050415039,456,766969.148518973,6.577225208282471
6.571883201599121,457,766969.158324597,6.5772199630737305
6.572895526885986,458,766969.168248056,6.577215194702148
6.571454048156738,459,766969.178336577,6.57720947265625
6.570461273193359,460,766969.188203789,6.577201843261719
6.573045253753662,461,766969.198258274,6.577197074890137
6.569067001342773,462,766969.208115235,6.57719087600708
6.573450088500977,463,766969.218025926,6.577184677124023
6.573526859283447,464,766969.227906647,6.577178478240967
6.572064399719238,465,766969.237819872,6.577174186706543
6.571372985839844,466,766969.247710834,6.577166557312012
6.5717620849609375,467,766969.257582133,6.57716178894043
6.571101188659668,468,766969.267491558,6.5771565437316895
6.570201873779297,469,766969.277390871,6.577149391174316
6.571705341339111,470,766969.287344727,6.577143669128418
6.574574947357178,471,766969.297170497,6.577139854431152
6.574135780334473,472,766969.307257871,6.577132225036621
6.571514129638672,473,766969.317167691,6.577126979827881
6.5720930099487305,474,766969.327152388,6.577122211456299
6.571850776672363,475,766969.337144285,6.577115535736084
6.572066307067871,476,766969.347192099,6.577110767364502
6.572783946990967,477,766969.357208209,6.5771050453186035
6.571303367614746,478,766969.367288839,6.577099800109863
6.572693347930908,479,766969.377352212,6.57709264755249
6.575387954711914,480,766969.387429392,6.57708740234375
6.568623065948486,481,766969.397703746,6.57708215713501
6.571988582611084,482,766969.407797196,6.577076435089111
6.5703911781311035,483,766969.418035008,6.577069282531738
6.570566177368164,484,766969.428114544,6.577064037322998
6.573755264282227,485,766969.438142218,6.577058792114258
6.572920322418213,486,766969.448221459,6.577053070068359
6.570505142211914,487,766969.461837206,6.577045917510986
6.572504043579102,488,766969.471779234,6.577042102813721
6.572746276855469,489,766969.481746347,6.577035903930664
6.572512149810791,490,766969.49167231,6.577031135559082
6.57220458984375,491,766969.501590214,6.577025413513184
6.574078559875488,492,766969.511449748,6.577019214630127
6.570898532867432,493,766969.521294334,6.5770134925842285
6.571847915649414,494,766969.53132455,6.577008247375488
6.570471286773682,495,766969.541193061,6.577003002166748
6.574179649353027,496,766969.551092706,6.57699728012085
6.568485736846924,497,766969.560983088,6.576992034912109
6.573580265045166,498,766969.570937111,6.576988220214844
6.570806503295898,499,766969.580883194,6.576981067657471
6.570836067199707,500,766969.594053345,6.5769758224487305
6.570616722106934,501,766969.60404425,6.576971054077148
6.573094367980957,502,766969.613956016,6.576966285705566
6.571852207183838,503,766969.624028483,6.576959609985352
6.572750568389893,504,766969.633960314,6.576953887939453
6.573398590087891,505,766969.643749436,6.576949119567871
6.569041728973389,506,766969.653573697,6.576942443847656
6.569429397583008,507,766969.663444208,6.576937198638916
6.5691375732421875,508,766969.673318273,6.57693338394165
6.570418357849121,509,766969.683216986,6.576927661895752
6.572564601898193,510,766969.693106132,6.576920986175537
6.5698161125183105,511,766969.70299023,6.576916694641113
6.571074485778809,512,766969.712984339,6.576911449432373
6.570649147033691,513,766969.722798401,6.576906204223633
6.569784641265869,514,766969.732779008,6.576900959014893
6.572634220123291,515,766969.742917155,6.576895713806152
6.569612503051758,516,766969.752915912,6.57689094543457
6.57106351852417,517,766969.762926588,6.576883792877197
6.570641994476318,518,766969.772963341,6.576879501342773
6.5706467628479,519,766969.783081962,6.576874732971191
6.572154998779297,520,766969.793043822,6.576871395111084
6.571004390716553,521,766969.803048813,6.576863765716553
6.573329448699951,522,766969.813039299,6.576858997344971
6.573262691497803,523,766969.823062568,6.576854705810547
6.568752288818359,524,766969.833045605,6.576849460601807
6.5683135986328125,525,766969.843399974,6.576844215393066
6.571438312530518,526,766969.853354038,6.576838493347168
6.567293643951416,527,766969.863322059,6.576834678649902
6.5690460205078125,528,766969.873305272,6.576828956604004
6.572275638580322,529,766969.883298728,6.576822280883789
6.570363521575928,530,766969.893252148,6.576817035675049
6.572340965270996,531,766969.903209246,6.576812267303467
6.573486804962158,532,766969.913159862,6.576808452606201
6.573141574859619,533,766969.923286078,6.576801776885986
6.571689605712891,534,766969.93324319,6.5767974853515625
6.573962211608887,535,766969.943391864,6.576791763305664
6.56771993637085,536,766969.953316517,6.576786518096924
6.569922924041748,537,766969.96325588,6.576779842376709
6.572249889373779,538,766969.973198519,6.576776504516602
6.5744781494140625,539,766969.983202814,6.576769828796387
6.574836730957031,540,766969.993238251,6.576766014099121
6.569447040557861,541,766970.003294862,6.576760292053223
6.576413631439209,542,766970.013365143,6.576756000518799
6.57127571105957,543,766970.023423716,6.576749801635742
6.572133541107178,544,766970.033375988,6.576745986938477
6.576828956604004,545,766970.043481593,6.576741695404053
6.5753889083862305,546,766970.054099544,6.576737403869629
6.572818279266357,547,766970.065760811,6.5767316818237305
6.568851947784424,548,766970.07670293,6.576728820800781
6.571631908416748,549,766970.087593853,6.576723575592041
6.5706000328063965,550,766970.098242387,6.576718330383301
6.571024417877197,551,766970.107986666,6.576714038848877
6.575084686279297,552,766970.117727069,6.576711177825928
6.573694229125977,553,766970.127441218,6.5767059326171875
6.570556640625,554,766970.137188263,6.576700687408447
6.570051670074463,555,766970.147156415,6.576695442199707
6.5732927322387695,556,766970.156935167,6.576692581176758
6.57154655456543,557,766970.166736768,6.576687335968018
6.575738430023193,558,766970.176581388,6.576683044433594
6.571963787078857,559,766970.186465464,6.57667875289917
6.5739593505859375,560,766970.196295454,6.57667350769043
6.569150924682617,561,766970.206141648,6.576668739318848
6.572153568267822,562,766970.216023744,6.576664924621582
6.575303554534912,563,766970.225927806,6.576660633087158
6.5724005699157715,564,766970.235873537,6.57665491104126
6.568929672241211,565,766970.245742446,6.576650142669678
6.570598602294922,566,766970.255845766,6.576646327972412
6.5709662437438965,567,766970.265715893,6.576641082763672
6.569616317749023,568,766970.275611848,6.576636791229248
6.571692943572998,569,766970.285751043,6.57663106918335
6.571985244750977,570,766970.295640253,6.576627731323242
6.5722479820251465,571,766970.305537387,6.576622486114502
6.571195602416992,572,766970.315511867,6.57661771774292
6.57192850112915,573,766970.325496693,6.576613426208496
6.57053804397583,574,766970.335603835,6.576609134674072
6.570050239562988,575,766970.345714745,6.576603889465332
6.56955099105835,576,766970.355816837,6.57659912109375
6.573565483093262,577,766970.366120487,6.576594829559326
6.574017524719238,578,766970.376199738,6.5765910148620605
6.572635173797607,579,766970.386300577,6.5765862464904785
6.573725700378418,580,766970.396370955,6.57658052444458
6.572519302368164,581,766970.406410664,6.57657527923584
6.573020935058594,582,766970.416425946,6.576571941375732
6.57204008102417,583,766970.426435665,6.576567649841309
6.571998596191406,584,766970.436569857,6.576562881469727
6.572356224060059,585,766970.446683625,6.576557636260986
6.57246732711792,586,766970.456744928,6.576554298400879
6.5720906257629395,587,766970.466894312,6.576549053192139
6.571442127227783,588,766970.476802838,6.576544284820557
6.57399845123291,589,766970.486722744,6.576539039611816
6.572894096374512,590,766970.496605439,6.576535224914551
6.573235034942627,591,766970.506682321,6.576530933380127
6.572205066680908,592,766970.516498234,6.5765252113342285
6.5741119384765625,593,766970.526313805,6.576519966125488
6.569860935211182,594,766970.536100771,6.576516628265381
6.572957515716553,595,766970.545936641,6.576510906219482
6.574193954467773,596,766970.555741706,6.576505661010742
6.574504852294922,597,766970.565560635,6.576500415802002
6.571235656738281,598,766970.575531222,6.57649564743042
6.569893836975098,599,766970.58531176,6.5764923095703125
6.574105262756348,600,766970.5988857,6.576487064361572
6.570857524871826,601,766970.608744223,6.576482772827148
6.570761680603027,602,766970.61852166,6.576477527618408
6.5757155418396,603,766970.628376224,6.576474189758301
6.572770118713379,604,766970.638845002,6.576470851898193
6.5736589431762695,605,766970.648741583,6.576465606689453
6.5730743408203125,606,766970.658683802,6.5764594078063965
6.571938991546631,607,766970.66860567,6.576455593109131
6.571254730224609,608,766970.678778703,6.576451301574707
6.574154376983643,609,766970.688726464,6.576447010040283
6.5720343589782715,610,766970.69866683,6.576442241668701
6.573146820068359,611,766970.708578031,6.576437473297119
6.5673933029174805,612,766970.718697698,6.5764336585998535
6.570115089416504,613,766970.729026018,6.57642936706543
6.572509765625,614,766970.739114449,6.576424598693848
6.574921607971191,615,766970.74916198,6.576420307159424
6.570131301879883,616,766970.759235291,6.576416015625
6.570774078369141,617,766970.769321784,6.576411724090576
6.569141864776611,618,766970.779524412,6.5764079093933105
6.571272850036621,619,766970.789564471,6.576403617858887
6.569280624389648,620,766970.799625594,6.576397895812988
6.568062782287598,621,766970.809691683,6.576395034790039
6.572351455688477,622,766970.81976657,6.576390266418457
6.5717620849609375,623,766970.82985913,6.57638692855835
6.5718560218811035,624,766970.839949246,6.576383113861084
6.569234371185303,625,766970.850093153,6.576377868652344
6.573269367218018,626,766970.860225306,6.576374053955078
6.5722150802612305,627,766970.87028991,6.576370716094971
6.569999694824219,628,766970.880644067,6.576367378234863
6.573284149169922,629,766970.891466846,6.576362609863281
6.57115364074707,630,766970.902666441,6.576358318328857
6.571440696716309,631,766970.912543204,6.576354503631592
6.569844722747803,632,766970.922585148,6.576350688934326
6.574103832244873,633,766970.93334088,6.576348781585693
6.570723533630371,634,766970.943503108,6.576342582702637
6.569368362426758,635,766970.954316277,6.576338291168213
6.57265043258667,636,766970.964294266,6.576334476470947
6.5757365226745605,637,766970.974901119,6.57633113861084
6.572999000549316,638,766970.986129756,6.576326370239258
6.5673723220825195,639,766970.996541075,6.57632303237915
6.572153091430664,640,766971.006824837,6.576318264007568
6.571534156799316,641,766971.016741116,6.576314449310303
6.569877624511719,642,766971.026866134,6.576310157775879
6.567695140838623,643,766971.036936661,6.57630729675293
6.573569297790527,644,766971.047056529,6.576302528381348
6.574929237365723,645,766971.058178655,6.57629919052124
6.570662498474121,646,766971.069050827,6.576294422149658
6.569684028625488,647,766971.079076966,6.576291561126709
6.573435306549072,648,766971.089114909,6.576287746429443
6.570162296295166,649,766971.09901238,6.576282501220703
6.570813179016113,650,766971.108895232,6.576280117034912
6.571342468261719,651,766971.11865988,6.576277256011963
6.57101583480835,652,766971.128404057,6.576271057128906
6.5701117515563965,653,766971.138136617,6.576267719268799
6.569174766540527,654,766971.147908024,6.576262474060059
6.571427345275879,655,766971.157706336,6.576260089874268
6.571408748626709,656,766971.167555495,6.57625675201416
6.576732158660889,657,766971.17767883,6.576251983642578
6.573439121246338,658,766971.187451887,6.5762481689453125
6.572394847869873,659,766971.197388837,6.576244354248047
6.571343898773193,660,766971.207253022,6.576240539550781
6.572003364562988,661,766971.217118053,6.576237201690674
6.571897506713867,662,766971.227029348,6.576232433319092
6.5683722496032715,663,766971.236906695,6.576230049133301
6.572179794311523,664,766971.246867964,6.576226711273193
6.57015323638916,665,766971.256784894,6.5762224197387695
6.571007251739502,666,766971.266766578,6.576217174530029
6.572440147399902,667,766971.276724264,6.57621431350708
6.569480895996094,668,766971.286738754,6.576210975646973
6.5678582191467285,669,766971.296746732,6.576206684112549
6.570200443267822,670,766971.306983866,6.576201915740967
6.572145938873291,671,766971.316990581,6.576198577880859
6.571704864501953,672,766971.32701887,6.576195240020752
6.571943759918213,673,766971.336991575,6.57619047164917
6.5697021484375,674,766971.3470448,6.576186180114746
6.5723185539245605,675,766971.357077932,6.5761823654174805
6.573244571685791,676,766971.367148811,6.576179027557373
6.571993350982666,677,766971.377209002,6.576176643371582
6.573852062225342,678,766971.387298335,6.576171875
6.575399875640869,679,766971.397647909,6.576167583465576
6.573571681976318,680,766971.407889983,6.576162338256836
6.5706281661987305,681,766971.417928133,6.5761590003967285
6.571308612823486,682,766971.428031235,6.5761566162109375
6.572788238525391,683,766971.438242506,6.576151371002197
6.573407173156738,684,766971.448335047,6.576148509979248
6.569806098937988,685,766971.458591597,6.576143741607666
6.571374893188477,686,766971.468820599,6.576140403747559
6.567833423614502,687,766971.479064666,6.576135635375977
6.570570468902588,688,766971.489249895,6.576132297515869
6.570829391479492,689,766971.499425495,6.576128959655762
6.571074485778809,690,766971.509814099,6.5761237144470215
6.572393417358398,691,766971.520019467,6.576120376586914
6.575710773468018,692,766971.53018839,6.57611608505249
6.571509838104248,693,766971.5403365,6.576112747192383
6.570070743560791,694,766971.550463793,6.576108455657959
6.570930480957031,695,766971.560556339,6.576103687286377
6.57049560546875,696,766971.570664026,6.576099872589111
6.572012901306152,697,766971.580780992,6.576097011566162
6.572580337524414,698,766971.590951017,6.576091766357422
6.571479320526123,699,766971.601073428,6.576087951660156
6.572654724121094,700,766971.615818852,6.576083660125732
6.5718674659729,701,766971.626096794,6.576079368591309
6.57081413269043,702,766971.636034598,6.576076030731201
6.570357799530029,703,766971.645934395,6.576073169708252
6.572668552398682,704,766971.655576244,6.576067924499512
6.575160026550293,705,766971.665203016,6.576065540313721
6.57208776473999,706,766971.675215931,6.576059341430664
6.57200288772583,707,766971.68527599,6.576056003570557
6.573328971862793,708,766971.695369591,6.576052665710449
6.57305908203125,709,766971.705453337,6.576048851013184
6.572747707366943,710,766971.715724617,6.576044082641602
6.570759296417236,711,766971.725829576,6.576039791107178
6.568492412567139,712,766971.735937312,6.576037406921387
6.571929454803467,713,766971.746029321,6.5760321617126465
6.568301677703857,714,766971.756117895,6.576027870178223
6.573511123657227,715,766971.766181182,6.576025009155273
6.570611476898193,716,766971.776216657,6.57602071762085
6.5685553550720215,717,766971.78624636,6.576015472412109
6.573278427124023,718,766971.796283675,6.576012134552002
6.569443702697754,719,766971.806325056,6.576007843017578
6.572041034698486,720,766971.816499559,6.576004505157471
6.571283340454102,721,766971.826492982,6.575999736785889
6.575736045837402,722,766971.836232588,6.575996398925781
6.569987773895264,723,766971.846192691,6.575992107391357
6.571383953094482,724,766971.85594816,6.575988292694092
6.572048664093018,725,766971.865725476,6.575984477996826
6.571563243865967,726,766971.87548184,6.575980186462402
6.571229934692383,727,766971.885221145,6.5759758949279785
6.573911190032959,728,766971.894999458,6.575972557067871
6.569620609283447,729,766971.90539719,6.575968265533447
6.572604656219482,730,766971.91517755,6.575964450836182
6.5732951164245605,731,766971.925087722,6.575959205627441
6.572346210479736,732,766971.934883495,6.575955867767334
6.572121620178223,733,766971.944642716,6.575952529907227
6.571707725524902,734,766971.954430893,6.575949192047119
6.569358825683594,735,766971.964363547,6.5759453773498535
6.572843551635742,736,766971.974185266,6.5759406089782715
6.57142448425293,737,766971.984031665,6.575935363769531
6.57386589050293,738,766971.993884313,6.575933456420898
6.570316791534424,739,766972.003758801,6.575930118560791
6.573760509490967,740,766972.013628585,6.575925827026367
6.572140693664551,741,766972.023484319,6.575920581817627
6.573193550109863,742,766972.033480349,6.575916767120361
6.572211742401123,743,766972.043348438,6.575911521911621
6.5685296058654785,744,766972.053221551,6.575908660888672
6.572188854217529,745,766972.063322526,6.575905799865723
6.571240425109863,746,766972.073347051,6.575899600982666
6.571913719177246,747,766972.083517427,6.575896263122559
6.568730354309082,748,766972.093723191,6.575892448425293
6.573702335357666,749,766972.10393973,6.575888633728027
6.57344388961792,750,766972.114200168,6.575885772705078
6.570392608642578,751,766972.124412822,6.575880527496338
6.574433326721191,752,766972.134738911,6.575876235961914
6.573307514190674,753,766972.144907748,6.575872898101807
6.571374416351318,754,766972.155075577,6.575869560241699
6.569450378417969,755,766972.165212492,6.57586669921875
6.571473121643066,756,766972.175331579,6.575860500335693
6.567830562591553,757,766972.185435907,6.575857162475586
6.568876266479492,758,766972.195539586,6.575854301452637
6.568704128265381,759,766972.205655486,6.575850963592529
6.570155620574951,760,766972.215776388,6.575847625732422
6.572112560272217,761,766972.225922672,6.575843334197998
6.573570251464844,762,766972.236133837,6.575839519500732
6.570887565612793,763,766972.246207631,6.575837135314941
6.569723606109619,764,766972.25627566,6.575833797454834
6.571895122528076,765,766972.266359205,6.57582950592041
6.574762344360352,766,766972.276400701,6.575824737548828
6.570201396942139,767,766972.286705328,6.575822353363037
6.570732116699219,768,766972.296839858,6.575819492340088
6.57199239730835,769,766972.306947651,6.575815677642822
6.5694260597229,770,766972.316989738,6.575812816619873
6.573541164398193,771,766972.327060675,6.575808525085449
6.57081937789917,772,766972.337252253,6.575804710388184
6.574115753173828,773,766972.347306774,6.575801372528076
6.572770118713379,774,766972.35733245,6.575798034667969
6.57126522064209,775,766972.367380336,6.5757951736450195
6.569328308105469,776,766972.377398637,6.575791358947754
6.573548316955566,777,766972.387446795,6.57578706741333
6.573724269866943,778,766972.397485544,6.575784206390381
6.570491313934326,779,766972.407503585,6.575779438018799
6.571113109588623,780,766972.417586124,6.575777053833008
6.568220615386963,781,766972.427611418,6.575773239135742
6.570563793182373,782,766972.438674322,6.575770854949951
6.571623802185059,783,766972.449483157,6.575767517089844
6.573993682861328,784,766972.460269932,6.5757622718811035
6.5711164474487305,785,766972.47040373,6.5757598876953125
6.5710368156433105,786,766972.480470611,6.575755596160889
6.571529865264893,787,766972.4905603,6.575752258300781
6.569052696228027,788,766972.500649726,6.575747966766357
6.571864604949951,789,766972.511055679,6.575745582580566
6.571269512176514,790,766972.521205491,6.575741291046143
6.572080612182617,791,766972.531300915,6.575737476348877
6.568321228027344,792,766972.541636236,6.5757341384887695
6.570641040802002,793,766972.551777709,6.575730323791504
6.56969690322876,794,766972.561895768,6.5757269859313965
6.570302486419678,795,766972.571989717,6.575723171234131
6.571179389953613,796,766972.582091293,6.57572078704834
6.570768356323242,797,766972.592175618,6.5757155418396
6.571322917938232,798,766972.602277476,6.575712203979492
6.56984281539917,799,766972.612354918,6.575708389282227
6.570289134979248,800,766972.627696803,6.575705051422119
6.5711493492126465,801,766972.637697382,6.57570219039917
6.571320533752441,802,766972.647858871,6.575697898864746
6.572000980377197,803,766972.657884845,6.575693607330322
6.571600437164307,804,766972.6679086,6.575691223144531
6.572534084320068,805,766972.678066884,6.575687885284424
6.569762706756592,806,766972.688228704,6.575684547424316
6.572765350341797,807,766972.698425001,6.575681209564209
6.570398330688477,808,766972.708601244,6.575676441192627
6.572763919830322,809,766972.718865683,6.575672626495361
6.57364559173584,810,766972.729179826,6.57567024230957
6.57341194152832,811,766972.739656122,6.5756659507751465
6.568202495574951,812,766972.75009136,6.575663089752197
6.57062292098999,813,766972.760256752,6.575659275054932
6.5738983154296875,814,766972.770436896,6.575654983520508
6.569468975067139,815,766972.780540047,6.5756516456604
6.57086706161499,816,766972.790670277,6.575648307800293
6.572336673736572,817,766972.80078461,6.575645923614502
6.56979513168335,818,766972.81090036,6.575643062591553
6.571103572845459,819,766972.821012301,6.575639247894287
6.573963165283203,820,766972.831197609,6.57563591003418
6.57125186920166,821,766972.841264395,6.575631141662598
6.573663234710693,822,766972.851539992,6.575628280639648
6.571236610412598,823,766972.861608884,6.575624942779541
6.569392681121826,824,766972.871685525,6.57562255859375
6.570810317993164,825,766972.881829216,6.575619220733643
6.573782920837402,826,766972.891901176,6.575615406036377
6.567335605621338,827,766972.902038511,6.575611114501953
6.570939540863037,828,766972.912131818,6.575608253479004
6.571961402893066,829,766972.92227404,6.5756049156188965
6.569179058074951,830,766972.932344494,6.575601100921631
6.571136951446533,831,766972.942396493,6.57559871673584
6.5745720863342285,832,766972.95263239,6.575595378875732
6.573858737945557,833,766972.963016208,6.575592994689941
6.56955099105835,834,766972.973068455,6.575588703155518
6.569141387939453,835,766972.983118456,6.575584888458252
6.568631649017334,836,766972.993151939,6.575581073760986
6.572812080383301,837,766973.003186684,6.575577735900879
6.573655605316162,838,766973.013194965,6.575575351715088
6.570351600646973,839,766973.023211631,6.5755720138549805
6.569509506225586,840,766973.033229124,6.575569152832031
6.572112560272217,841,766973.043595163,6.575564861297607
6.569058895111084,842,766973.054637547,6.575560569763184
6.569421768188477,843,766973.064507349,6.575556755065918
6.569895267486572,844,766973.074369185,6.575554370880127
6.573667049407959,845,766973.084222603,6.575550079345703
6.568639755249023,846,766973.094059194,6.575545787811279
6.573202133178711,847,766973.103901446,6.575541973114014
6.57144832611084,848,766973.113798574,6.575538158416748
6.5728020668029785,849,766973.123647782,6.575535297393799
6.573436737060547,850,766973.133558272,6.57553243637085
6.572907447814941,851,766973.144509315,6.575528621673584
6.573184013366699,852,766973.155885976,6.57552433013916
6.571676731109619,853,766973.167014674,6.575520992279053
6.56866979598999,854,766973.176744463,6.5755181312561035
6.565347194671631,855,766973.186751666,6.575514316558838
6.570108413696289,856,766973.196528421,6.575511455535889
6.572127342224121,857,766973.20645887,6.575509071350098
6.566808700561523,858,766973.216297101,6.575503826141357
6.572416305541992,859,766973.22620697,6.575500965118408
6.572234630584717,860,766973.236064942,6.575497150421143
6.568691253662109,861,766973.246114568,6.575494289398193
6.570837020874023,862,766973.256656766,6.575491905212402
6.569474697113037,863,766973.267457072,6.5754876136779785
6.5738630294799805,864,766973.277589106,6.575484275817871
6.571652412414551,865,766973.287759441,6.575479507446289
6.568542957305908,866,766973.29864589,6.575478553771973
6.569338798522949,867,766973.309724997,6.575473785400391
6.573047637939453,868,766973.319563792,6.575470447540283
6.571815013885498,869,766973.329580852,6.575466156005859
6.572367191314697,870,766973.339441021,6.575462818145752
6.569384574890137,871,766973.349216656,6.575459003448486
6.571605682373047,872,766973.35921423,6.575455665588379
6.5726823806762695,873,766973.369229965,6.575451850891113
6.572510719299316,874,766973.379210068,6.575448989868164
6.56945276260376,875,766973.389143115,6.575444221496582
6.5719170570373535,876,766973.399122672,6.575441837310791
6.571352958679199,877,766973.409324181,6.575436592102051
6.5708537101745605,878,766973.419272865,6.575433731079102
6.570241928100586,879,766973.429198183,6.575429916381836
6.570466041564941,880,766973.439207303,6.5754265785217285
6.573911190032959,881,766973.449204641,6.575423240661621
6.568580627441406,882,766973.459400955,6.575418472290039
6.56868839263916,883,766973.469489227,6.575415134429932
6.569027423858643,884,766973.479251243,6.575411319732666
6.566408634185791,885,766973.489081499,6.575407981872559
6.572248935699463,886,766973.498918357,6.575404644012451
6.570018291473389,887,766973.508735054,6.575401306152344
6.570950031280518,888,766973.518558593,6.575396537780762
6.576265811920166,889,766973.528456811,6.575394153594971
6.571172714233398,890,766973.538355489,6.5753889083862305
6.569604396820068,891,766973.548206767,6.575385570526123
6.5686354637146,892,766973.558069655,6.575380325317383
6.571943759918213,893,766973.568125829,6.575377941131592
6.570813179016113,894,766973.578026872,6.575373649597168
6.569574356079102,895,766973.587858104,6.575371265411377
6.570451259613037,896,766973.597661162,6.5753655433654785
6.570227146148682,897,766973.607490232,6.5753607749938965
6.571832180023193,898,766973.617352828,6.575357913970947
6.57194709777832,899,766973.627409294,6.575355052947998
6.5692830085754395,900,766973.642583563,6.575351715087891
6.565215587615967,901,766973.652804378,6.575348377227783
6.570741653442383,902,766973.662798959,6.575344085693359
6.575372219085693,903,766973.67271892,6.575340270996094
6.57365608215332,904,766973.682519869,6.575336456298828
6.570180416107178,905,766973.692374194,6.575333118438721
6.567295551300049,906,766973.702092105,6.5753302574157715
6.571241855621338,907,766973.711900431,6.5753254890441895
6.56942892074585,908,766973.721727727,6.57532262802124
6.573189735412598,909,766973.731589992,6.575319290161133
6.572704315185547,910,766973.741432609,6.575316429138184
6.570024013519287,911,766973.7513871,6.57531213760376
6.573261260986328,912,766973.761351733,6.575308799743652
6.57434606552124,913,766973.771331059,6.575305938720703
6.569433212280273,914,766973.781475589,6.575301170349121
6.5712103843688965,915,766973.79144636,6.575298309326172
6.573390007019043,916,766973.801414716,6.575295925140381
6.567606449127197,917,766973.811406736,6.57529354095459
6.5740180015563965,918,766973.821383586,6.575289249420166
6.569034099578857,919,766973.831382587,6.575284957885742
6.5667877197265625,920,766973.841258512,6.575282573699951
6.5684943199157715,921,766973.851440389,6.575279235839844
6.56527853012085,922,766973.861307057,6.575275421142578
6.5721306800842285,923,766973.87121947,6.575273036956787
6.570269584655762,924,766973.881126672,6.575268745422363
6.569674968719482,925,766973.891135679,6.575265884399414
6.56988000869751,926,766973.901031776,6.575262069702148
6.573713779449463,927,766973.910888952,6.575258255004883
6.572608947753906,928,766973.920711262,6.575255393981934
6.57033109664917,929,766973.930571603,6.575251579284668
6.570012092590332,930,766973.940824495,6.575246810913086
6.5721611976623535,931,766973.950635233,6.575244903564453
6.572072505950928,932,766973.960406479,6.575242042541504
6.573293209075928,933,766973.970214849,6.5752387046813965
6.570179462432861,934,766973.979995586,6.575234413146973
6.571722030639648,935,766973.989782019,6.575230598449707
6.569977283477783,936,766973.999752107,6.575227737426758
6.57050895690918,937,766974.009565157,6.575224876403809
6.569925308227539,938,766974.019353081,6.575222492218018
6.570193290710449,939,766974.029203885,6.575218677520752
6.573596954345703,940,766974.03930906,6.575214862823486
6.568841934204102,941,766974.049493936,6.575211048126221
6.572673320770264,942,766974.059692059,6.575206756591797
6.572202682495117,943,766974.070134729,6.5752034187316895
6.568690299987793,944,766974.080348372,6.575199604034424
6.56991720199585,945,766974.090496731,6.575195789337158
6.571133136749268,946,766974.103705501,6.575193405151367
6.569828987121582,947,766974.113659596,6.575188159942627
6.570251941680908,948,766974.123480906,6.5751848220825195
6.570206165313721,949,766974.133224892,6.575181007385254
6.567940711975098,950,766974.143011314,6.575177192687988
6.570329189300537,951,766974.152798098,6.575174331665039
6.567022323608398,952,766974.16257655,6.57517147064209
6.572929859161377,953,766974.172651187,6.575165748596191
6.569887638092041,954,766974.182461855,6.575162887573242
6.57266902923584,955,766974.192279061,6.575159072875977
6.5739874839782715,956,766974.202090209,6.575156211853027
6.571767330169678,957,766974.211907354,6.57515287399292
6.570143222808838,958,766974.221903896,6.575148105621338
6.571369171142578,959,766974.231756865,6.575144290924072
6.573611736297607,960,766974.241568145,6.575141429901123
6.572848796844482,961,766974.251428394,6.575137138366699
6.571144104003906,962,766974.261299859,6.575133800506592
6.568263530731201,963,766974.271230954,6.575130939483643
6.56956148147583,964,766974.281181329,6.575127124786377
6.571987628936768,965,766974.291349353,6.575123310089111
6.571805477142334,966,766974.301295056,6.575120449066162
6.569362640380859,967,766974.311405301,6.57511568069458
6.57097864151001,968,766974.321381836,6.575112342834473
6.571946144104004,969,766974.331607482,6.575109958648682
6.571711540222168,970,766974.341548235,6.575105667114258
6.56677770614624,971,766974.351461169,6.575103282928467
6.566489219665527,972,766974.361351719,6.575098991394043
6.568607807159424,973,766974.371262474,6.575094223022461
6.574446201324463,974,766974.381146416,6.575092315673828
6.572143077850342,975,766974.391153737,6.575088977813721
6.5725836753845215,976,766974.401160755,6.575084686279297
6.574284553527832,977,766974.411233461,6.575080871582031
6.571564674377441,978,766974.421279092,6.575078010559082
6.570389270782471,979,766974.43142444,6.575074195861816
6.567918300628662,980,766974.441774185,6.575071334838867
6.57003927230835,981,766974.4519096,6.57506799697876
6.569892883300781,982,766974.462043208,6.575063705444336
6.572287082672119,983,766974.472147847,6.5750603675842285
6.573151588439941,984,766974.482244557,6.575057506561279
6.570002555847168,985,766974.49232334,6.575053691864014
6.57143497467041,986,766974.502390176,6.575050354003906
6.5689263343811035,987,766974.512649841,6.575047016143799
6.570502758026123,988,766974.522707776,6.57504415512085
6.56706428527832,989,766974.532759096,6.575041770935059
6.572241306304932,990,766974.542987775,6.575038433074951
6.57059383392334,991,766974.553037212,6.575032711029053
6.5716552734375,992,766974.562992339,6.575028896331787
6.568729877471924,993,766974.572985159,6.575026035308838
6.567137718200684,994,766974.582959072,6.575023174285889
6.568458080291748,995,766974.592924971,6.5750203132629395
6.571162700653076,996,766974.602873599,6.57501745223999
6.572964191436768,997,766974.612903418,6.57501220703125
6.5710930824279785,998,766974.623081501,6.575009822845459
6.572419166564941,999,766974.633126019,6.575006484985352
6.570436477661133,1000,766974.649245537,6.575002670288086
